P_Title,P_GivenName,P_FamilyName,P_FamiliarName,P_Addr1,P_Addr2,P_PhoneNum
Mr.,TEST1,T01,TEST01,5019 KINGSCROSS,LEETWOODS,9876543210
Mr.,TEST2,T02,TEST02,5020 KINGSCROSS,LEETWOODS,9876543211
Dr.,TEST3,T03,TEST03,5021 KINGSCROSS,LEETWOODS,9876543212
Mr.,TEST4,T04,TEST04,5022 KINGSCROSS,LEETWOODS,9876543213
Mr.,TEST5,T05,TEST05,5023 KINGSCROSS,LEETWOODS,9876543214
Dr.,TEST6,T06,TEST06,5024 KINGSCROSS,LEETWOODS,9876543215
Mr.,TEST7,T07,TEST07,5025 KINGSCROSS,LEETWOODS,9876543216
Mr.,TEST8,T08,TEST08,5026 KINGSCROSS,LEETWOODS,9876543217
Dr.,TEST9,T09,TEST09,5027 KINGSCROSS,LEETWOODS,9876543218
Mr.,TEST10,T10,TEST10,5028 KINGSCROSS,LEETWOODS,9876543219
Mr.,TEST11,T11,TEST11,5029 KINGSCROSS,LEETWOODS,9876543220
Dr.,TEST12,T12,TEST12,5030 KINGSCROSS,LEETWOODS,9876543221
Mr.,TEST13,T13,TEST13,5031 KINGSCROSS,LEETWOODS,9876543222
Mr.,TEST14,T14,TEST14,5032 KINGSCROSS,LEETWOODS,9876543223
Dr.,TEST15,T15,TEST15,5033 KINGSCROSS,LEETWOODS,9876543224
Mr.,TEST16,T16,TEST16,5034 KINGSCROSS,LEETWOODS,9876543225
Mr.,TEST17,T17,TEST17,5035 KINGSCROSS,LEETWOODS,9876543226
Dr.,TEST18,T18,TEST18,5036 KINGSCROSS,LEETWOODS,9876543227
Mr.,TEST19,T19,TEST19,5037 KINGSCROSS,LEETWOODS,9876543228
Mr.,TEST20,T20,TEST20,5038 KINGSCROSS,LEETWOODS,9876543229
Dr.,TEST21,T21,TEST21,5038 KINGSCROSS,LEETWOODS,9876543230
Mr.,TEST22,T22,TEST22,5038 KINGSCROSS,LEETWOODS,9876543231
Mr.,TEST23,T23,TEST23,5038 KINGSCROSS,LEETWOODS,9876543232
Dr.,TEST24,T24,TEST24,5038 KINGSCROSS,LEETWOODS,9876543233
Mr.,TEST25,T25,TEST25,5038 KINGSCROSS,LEETWOODS,9876543234
Mr.,TEST26,T26,TEST26,5039 KINGSCROSS,LEETWOODS,9876543234
Dr.,TEST27,T27,TEST27,5040 KINGSCROSS,LEETWOODS,9876543234
Mr.,TEST28,T28,TEST28,5041 KINGSCROSS,LEETWOODS,9876543234
Mr.,TEST29,T29,TEST29,5042 KINGSCROSS,LEETWOODS,9876543234
Dr.,TEST30,T30,TEST30,5043 KINGSCROSS,LEETWOODS,9876543234
Mr.,TEST31,T31,TEST31,5044 KINGSCROSS,LEETWOODS,9876543234
Mr.,TEST32,T32,TEST32,5045 KINGSCROSS,LEETWOODS,9876543234
Dr.,TEST33,T33,TEST33,5046 KINGSCROSS,LEETWOODS,9876543234
Mr.,TEST34,T34,TEST34,5047 KINGSCROSS,LEETWOODS,9876543234
Mr.,TEST35,T35,TEST35,5048 KINGSCROSS,LEETWOODS,9876543234
Dr.,TEST36,T36,TEST36,5049 KINGSCROSS,LEETWOODS,9876543234
Mr.,TEST37,T37,TEST37,5050 KINGSCROSS,LEETWOODS,9876543234
Mr.,TEST38,T38,TEST38,5051 KINGSCROSS,LEETWOODS,9876543234
Dr.,TEST39,T39,TEST39,5052 KINGSCROSS,LEETWOODS,9876543234
Mr.,TEST40,T40,TEST40,5053 KINGSCROSS,LEETWOODS,9876543234
Mr.,TEST41,T41,TEST41,5054 KINGSCROSS,LEETWOODS,9876543234
Dr.,TEST42,T42,TEST42,5055 KINGSCROSS,LEETWOODS,9876543234
Mr.,TEST43,T43,TEST43,5056 KINGSCROSS,LEETWOODS,9876543234
Mr.,TEST44,T44,TEST44,5057 KINGSCROSS,LEETWOODS,9876543234
Dr.,TEST45,T45,TEST45,5058 KINGSCROSS,LEETWOODS,9876543234
Mr.,TEST46,T46,TEST46,5059 KINGSCROSS,LEETWOODS,9876543234
Mr.,TEST47,T47,TEST47,5060 KINGSCROSS,LEETWOODS,9876543234
Dr.,TEST48,T48,TEST48,5061 KINGSCROSS,LEETWOODS,9876543234
Mr.,TEST49,T49,TEST49,5062 KINGSCROSS,LEETWOODS,9876543234
Mr.,TEST50,T50,TEST50,5063 KINGSCROSS,LEETWOODS,9876543234
Dr.,TEST51,T51,TEST51,5064 KINGSCROSS,LEETWOODS,9876543234
Mr.,TEST52,T52,TEST52,5065 KINGSCROSS,LEETWOODS,9876543234
Mr.,TEST53,T53,TEST53,5066 KINGSCROSS,LEETWOODS,9876543234
Dr.,TEST54,T54,TEST54,5067 KINGSCROSS,LEETWOODS,9876543234
Mr.,TEST55,T55,TEST55,5068 KINGSCROSS,LEETWOODS,9876543234
Mr.,TEST56,T56,TEST56,5069 KINGSCROSS,LEETWOODS,9876543234
Dr.,TEST57,T57,TEST57,5070 KINGSCROSS,LEETWOODS,9876543234
Mr.,TEST58,T58,TEST58,5071 KINGSCROSS,LEETWOODS,9876543234
Mr.,TEST59,T59,TEST59,5072 KINGSCROSS,LEETWOODS,9876543234
Dr.,TEST60,T60,TEST60,5073 KINGSCROSS,LEETWOODS,9876543234
Mr.,TEST61,T61,TEST61,5074 KINGSCROSS,LEETWOODS,9876543234
Mr.,TEST62,T62,TEST62,5075 KINGSCROSS,LEETWOODS,9876543234
Dr.,TEST63,T63,TEST63,5076 KINGSCROSS,LEETWOODS,9876543234
Mr.,TEST64,T64,TEST64,5077 KINGSCROSS,LEETWOODS,9876543234
Mr.,TEST65,T65,TEST65,5078 KINGSCROSS,LEETWOODS,9876543234
Dr.,TEST66,T66,TEST66,5079 KINGSCROSS,LEETWOODS,9876543234
Mr.,TEST67,T67,TEST67,5080 KINGSCROSS,LEETWOODS,9876543234
Mr.,TEST68,T68,TEST68,5081 KINGSCROSS,LEETWOODS,9876543234
Dr.,TEST69,T69,TEST69,5082 KINGSCROSS,LEETWOODS,9876543234
Mr.,TEST70,T70,TEST70,5083 KINGSCROSS,LEETWOODS,9876543234
Mr.,TEST71,T71,TEST71,5084 KINGSCROSS,LEETWOODS,9876543234
Dr.,TEST72,T72,TEST72,5085 KINGSCROSS,LEETWOODS,9876543234
Mr.,TEST73,T73,TEST73,5086 KINGSCROSS,LEETWOODS,9876543234
Mr.,TEST74,T74,TEST74,5087 KINGSCROSS,LEETWOODS,9876543234
Dr.,TEST75,T75,TEST75,5088 KINGSCROSS,LEETWOODS,9876543234
Mr.,TEST76,T76,TEST76,5089 KINGSCROSS,LEETWOODS,9876543234
Mr.,TEST77,T77,TEST77,5090 KINGSCROSS,LEETWOODS,9876543234
Dr.,TEST78,T78,TEST78,5091 KINGSCROSS,LEETWOODS,9876543234
Mr.,TEST79,T79,TEST79,5092 KINGSCROSS,LEETWOODS,9876543234
Mr.,TEST80,T80,TEST80,5093 KINGSCROSS,LEETWOODS,9876543234
Dr.,TEST81,T81,TEST81,5094 KINGSCROSS,LEETWOODS,9876543234
Mr.,TEST82,T82,TEST82,5095 KINGSCROSS,LEETWOODS,9876543234
Mr.,TEST83,T83,TEST83,5096 KINGSCROSS,LEETWOODS,9876543234
Dr.,TEST84,T84,TEST84,5097 KINGSCROSS,LEETWOODS,9876543234
Mr.,TEST85,T85,TEST85,5098 KINGSCROSS,LEETWOODS,9876543234
Mr.,TEST86,T86,TEST86,5099 KINGSCROSS,LEETWOODS,9876543234
Dr.,TEST87,T87,TEST87,5100 KINGSCROSS,LEETWOODS,9876543234
Mr.,TEST88,T88,TEST88,5101 KINGSCROSS,LEETWOODS,9876543234
Mr.,TEST89,T89,TEST89,5102 KINGSCROSS,LEETWOODS,9876543234
Dr.,TEST90,T90,TEST90,5103 KINGSCROSS,LEETWOODS,9876543234
Mr.,TEST91,T91,TEST91,5104 KINGSCROSS,LEETWOODS,9876543234
Mr.,TEST92,T92,TEST92,5105 KINGSCROSS,LEETWOODS,9876543234
Dr.,TEST93,T93,TEST93,5106 KINGSCROSS,LEETWOODS,9876543234
Mr.,TEST94,T94,TEST94,5107 KINGSCROSS,LEETWOODS,9876543234
Mr.,TEST95,T95,TEST95,5108 KINGSCROSS,LEETWOODS,9876543234
Dr.,TEST96,T96,TEST96,5109 KINGSCROSS,LEETWOODS,9876543234
Mr.,TEST97,T97,TEST97,5110 KINGSCROSS,LEETWOODS,9876543234
Mr.,TEST98,T98,TEST98,5111 KINGSCROSS,LEETWOODS,9876543234
Dr.,TEST99,T99,TEST99,5112 KINGSCROSS,LEETWOODS,9876543234
Mr.,TEST100,T100,TEST100,5113 KINGSCROSS,LEETWOODS,9876543234
Mr.,TEST101,T101,TEST101,5114 KINGSCROSS,LEETWOODS,9876543234
Dr.,TEST102,T102,TEST102,5115 KINGSCROSS,LEETWOODS,9876543234
Mr.,TEST103,T103,TEST103,5116 KINGSCROSS,LEETWOODS,9876543234
Mr.,TEST104,T104,TEST104,5117 KINGSCROSS,LEETWOODS,9876543234
Dr.,TEST105,T105,TEST105,5118 KINGSCROSS,LEETWOODS,9876543234
Mr.,TEST106,T106,TEST106,5119 KINGSCROSS,LEETWOODS,9876543234
Mr.,TEST107,T107,TEST107,5120 KINGSCROSS,LEETWOODS,9876543234
Dr.,TEST108,T108,TEST108,5121 KINGSCROSS,LEETWOODS,9876543234
Mr.,TEST109,T109,TEST109,5122 KINGSCROSS,LEETWOODS,9876543234
Mr.,TEST110,T110,TEST110,5123 KINGSCROSS,LEETWOODS,9876543234
Dr.,TEST111,T111,TEST111,5124 KINGSCROSS,LEETWOODS,9876543234
Mr.,TEST112,T112,TEST112,5125 KINGSCROSS,LEETWOODS,9876543234
Mr.,TEST113,T113,TEST113,5126 KINGSCROSS,LEETWOODS,9876543234
Dr.,TEST114,T114,TEST114,5127 KINGSCROSS,LEETWOODS,9876543234
Mr.,TEST115,T115,TEST115,5128 KINGSCROSS,LEETWOODS,9876543234
Mr.,TEST116,T116,TEST116,5129 KINGSCROSS,LEETWOODS,9876543234
Dr.,TEST117,T117,TEST117,5130 KINGSCROSS,LEETWOODS,9876543234
Mr.,TEST118,T118,TEST118,5131 KINGSCROSS,LEETWOODS,9876543234
Mr.,TEST119,T119,TEST119,5132 KINGSCROSS,LEETWOODS,9876543234
Dr.,TEST120,T120,TEST120,5133 KINGSCROSS,LEETWOODS,9876543234
Mr.,TEST121,T121,TEST121,5134 KINGSCROSS,LEETWOODS,9876543234
Mr.,TEST122,T122,TEST122,5135 KINGSCROSS,LEETWOODS,9876543234
Dr.,TEST123,T123,TEST123,5136 KINGSCROSS,LEETWOODS,9876543234
Mr.,TEST124,T124,TEST124,5137 KINGSCROSS,LEETWOODS,9876543234
Mr.,TEST125,T125,TEST125,5138 KINGSCROSS,LEETWOODS,9876543234
Dr.,TEST126,T126,TEST126,5139 KINGSCROSS,LEETWOODS,9876543234
Mr.,TEST127,T127,TEST127,5140 KINGSCROSS,LEETWOODS,9876543234
Mr.,TEST128,T128,TEST128,5141 KINGSCROSS,LEETWOODS,9876543234
Dr.,TEST129,T129,TEST129,5142 KINGSCROSS,LEETWOODS,9876543234
Mr.,TEST130,T130,TEST130,5143 KINGSCROSS,LEETWOODS,9876543234
Mr.,TEST131,T131,TEST131,5144 KINGSCROSS,LEETWOODS,9876543234
Dr.,TEST132,T132,TEST132,5145 KINGSCROSS,LEETWOODS,9876543234
Mr.,TEST133,T133,TEST133,5146 KINGSCROSS,LEETWOODS,9876543234
Mr.,TEST134,T134,TEST134,5147 KINGSCROSS,LEETWOODS,9876543234
Dr.,TEST135,T135,TEST135,5148 KINGSCROSS,LEETWOODS,9876543234
Mr.,TEST136,T136,TEST136,5149 KINGSCROSS,LEETWOODS,9876543234
Mr.,TEST137,T137,TEST137,5150 KINGSCROSS,LEETWOODS,9876543234
Dr.,TEST138,T138,TEST138,5151 KINGSCROSS,LEETWOODS,9876543234
Mr.,TEST139,T139,TEST139,5152 KINGSCROSS,LEETWOODS,9876543234
Mr.,TEST140,T140,TEST140,5153 KINGSCROSS,LEETWOODS,9876543234
Dr.,TEST141,T141,TEST141,5154 KINGSCROSS,LEETWOODS,9876543234
Mr.,TEST142,T142,TEST142,5155 KINGSCROSS,LEETWOODS,9876543234
Mr.,TEST143,T143,TEST143,5156 KINGSCROSS,LEETWOODS,9876543234
Dr.,TEST144,T144,TEST144,5157 KINGSCROSS,LEETWOODS,9876543234
Mr.,TEST145,T145,TEST145,5158 KINGSCROSS,LEETWOODS,9876543234
Mr.,TEST146,T146,TEST146,5159 KINGSCROSS,LEETWOODS,9876543234
Dr.,TEST147,T147,TEST147,5160 KINGSCROSS,LEETWOODS,9876543234
Mr.,TEST148,T148,TEST148,5161 KINGSCROSS,LEETWOODS,9876543234
Mr.,TEST149,T149,TEST149,5162 KINGSCROSS,LEETWOODS,9876543234
Dr.,TEST150,T150,TEST150,5163 KINGSCROSS,LEETWOODS,9876543234
Mr.,TEST151,T151,TEST151,5164 KINGSCROSS,LEETWOODS,9876543234
Mr.,TEST152,T152,TEST152,5165 KINGSCROSS,LEETWOODS,9876543234
Dr.,TEST153,T153,TEST153,5166 KINGSCROSS,LEETWOODS,9876543234
Mr.,TEST154,T154,TEST154,5167 KINGSCROSS,LEETWOODS,9876543234
Mr.,TEST155,T155,TEST155,5168 KINGSCROSS,LEETWOODS,9876543234
Dr.,TEST156,T156,TEST156,5169 KINGSCROSS,LEETWOODS,9876543234
Mr.,TEST157,T157,TEST157,5170 KINGSCROSS,LEETWOODS,9876543234
Mr.,TEST158,T158,TEST158,5171 KINGSCROSS,LEETWOODS,9876543234
Dr.,TEST159,T159,TEST159,5172 KINGSCROSS,LEETWOODS,9876543234
Mr.,TEST160,T160,TEST160,5173 KINGSCROSS,LEETWOODS,9876543234
Mr.,TEST161,T161,TEST161,5174 KINGSCROSS,LEETWOODS,9876543234
Dr.,TEST162,T162,TEST162,5175 KINGSCROSS,LEETWOODS,9876543234
Mr.,TEST163,T163,TEST163,5176 KINGSCROSS,LEETWOODS,9876543234
Mr.,TEST164,T164,TEST164,5177 KINGSCROSS,LEETWOODS,9876543234
Dr.,TEST165,T165,TEST165,5178 KINGSCROSS,LEETWOODS,9876543234
Mr.,TEST166,T166,TEST166,5179 KINGSCROSS,LEETWOODS,9876543234
Mr.,TEST167,T167,TEST167,5180 KINGSCROSS,LEETWOODS,9876543234
Dr.,TEST168,T168,TEST168,5181 KINGSCROSS,LEETWOODS,9876543234
Mr.,TEST169,T169,TEST169,5182 KINGSCROSS,LEETWOODS,9876543234
Mr.,TEST170,T170,TEST170,5183 KINGSCROSS,LEETWOODS,9876543234
Dr.,TEST171,T171,TEST171,5184 KINGSCROSS,LEETWOODS,9876543234
Mr.,TEST172,T172,TEST172,5185 KINGSCROSS,LEETWOODS,9876543234
Mr.,TEST173,T173,TEST173,5186 KINGSCROSS,LEETWOODS,9876543234
Dr.,TEST174,T174,TEST174,5187 KINGSCROSS,LEETWOODS,9876543234
Mr.,TEST175,T175,TEST175,5188 KINGSCROSS,LEETWOODS,9876543234
Mr.,TEST176,T176,TEST176,5189 KINGSCROSS,LEETWOODS,9876543234
Dr.,TEST177,T177,TEST177,5190 KINGSCROSS,LEETWOODS,9876543234
Mr.,TEST178,T178,TEST178,5191 KINGSCROSS,LEETWOODS,9876543234
Mr.,TEST179,T179,TEST179,5192 KINGSCROSS,LEETWOODS,9876543234
Dr.,TEST180,T180,TEST180,5193 KINGSCROSS,LEETWOODS,9876543234
Mr.,TEST181,T181,TEST181,5194 KINGSCROSS,LEETWOODS,9876543234
Mr.,TEST182,T182,TEST182,5195 KINGSCROSS,LEETWOODS,9876543234
Dr.,TEST183,T183,TEST183,5196 KINGSCROSS,LEETWOODS,9876543234
Mr.,TEST184,T184,TEST184,5197 KINGSCROSS,LEETWOODS,9876543234
Mr.,TEST185,T185,TEST185,5198 KINGSCROSS,LEETWOODS,9876543234
Dr.,TEST186,T186,TEST186,5199 KINGSCROSS,LEETWOODS,9876543234
Mr.,TEST187,T187,TEST187,5200 KINGSCROSS,LEETWOODS,9876543234
Mr.,TEST188,T188,TEST188,5201 KINGSCROSS,LEETWOODS,9876543234
Dr.,TEST189,T189,TEST189,5202 KINGSCROSS,LEETWOODS,9876543234
Mr.,TEST190,T190,TEST190,5203 KINGSCROSS,LEETWOODS,9876543234
Mr.,TEST191,T191,TEST191,5204 KINGSCROSS,LEETWOODS,9876543234
Dr.,TEST192,T192,TEST192,5205 KINGSCROSS,LEETWOODS,9876543234
Mr.,TEST193,T193,TEST193,5206 KINGSCROSS,LEETWOODS,9876543234
Mr.,TEST194,T194,TEST194,5207 KINGSCROSS,LEETWOODS,9876543234
Dr.,TEST195,T195,TEST195,5208 KINGSCROSS,LEETWOODS,9876543234
Mr.,TEST196,T196,TEST196,5209 KINGSCROSS,LEETWOODS,9876543234
Mr.,TEST197,T197,TEST197,5210 KINGSCROSS,LEETWOODS,9876543234
Dr.,TEST198,T198,TEST198,5211 KINGSCROSS,LEETWOODS,9876543234
Mr.,TEST199,T199,TEST199,5212 KINGSCROSS,LEETWOODS,9876543234
Mr.,TEST200,T200,TEST200,5213 KINGSCROSS,LEETWOODS,9876543234
Dr.,TEST201,T201,TEST201,5214 KINGSCROSS,LEETWOODS,9876543234
Mr.,TEST202,T202,TEST202,5215 KINGSCROSS,LEETWOODS,9876543234
Mr.,TEST203,T203,TEST203,5216 KINGSCROSS,LEETWOODS,9876543234
Dr.,TEST204,T204,TEST204,5217 KINGSCROSS,LEETWOODS,9876543234
Mr.,TEST205,T205,TEST205,5218 KINGSCROSS,LEETWOODS,9876543234
Mr.,TEST206,T206,TEST206,5219 KINGSCROSS,LEETWOODS,9876543234
Dr.,TEST207,T207,TEST207,5220 KINGSCROSS,LEETWOODS,9876543234
Mr.,TEST208,T208,TEST208,5221 KINGSCROSS,LEETWOODS,9876543234
Mr.,TEST209,T209,TEST209,5222 KINGSCROSS,LEETWOODS,9876543234
Dr.,TEST210,T210,TEST210,5223 KINGSCROSS,LEETWOODS,9876543234
Mr.,TEST211,T211,TEST211,5224 KINGSCROSS,LEETWOODS,9876543234
Mr.,TEST212,T212,TEST212,5225 KINGSCROSS,LEETWOODS,9876543234
Dr.,TEST213,T213,TEST213,5226 KINGSCROSS,LEETWOODS,9876543234
Mr.,TEST214,T214,TEST214,5227 KINGSCROSS,LEETWOODS,9876543234
Mr.,TEST215,T215,TEST215,5228 KINGSCROSS,LEETWOODS,9876543234
Dr.,TEST216,T216,TEST216,5229 KINGSCROSS,LEETWOODS,9876543234
Mr.,TEST217,T217,TEST217,5230 KINGSCROSS,LEETWOODS,9876543234
Mr.,TEST218,T218,TEST218,5231 KINGSCROSS,LEETWOODS,9876543234
Dr.,TEST219,T219,TEST219,5232 KINGSCROSS,LEETWOODS,9876543234
Mr.,TEST220,T220,TEST220,5233 KINGSCROSS,LEETWOODS,9876543234
Mr.,TEST221,T221,TEST221,5234 KINGSCROSS,LEETWOODS,9876543234
Dr.,TEST222,T222,TEST222,5235 KINGSCROSS,LEETWOODS,9876543234
Mr.,TEST223,T223,TEST223,5236 KINGSCROSS,LEETWOODS,9876543234
Mr.,TEST224,T224,TEST224,5237 KINGSCROSS,LEETWOODS,9876543234
Dr.,TEST225,T225,TEST225,5238 KINGSCROSS,LEETWOODS,9876543234
Mr.,TEST226,T226,TEST226,5239 KINGSCROSS,LEETWOODS,9876543234
Mr.,TEST227,T227,TEST227,5240 KINGSCROSS,LEETWOODS,9876543234
Dr.,TEST228,T228,TEST228,5241 KINGSCROSS,LEETWOODS,9876543234
Mr.,TEST229,T229,TEST229,5242 KINGSCROSS,LEETWOODS,9876543234
Mr.,TEST230,T230,TEST230,5243 KINGSCROSS,LEETWOODS,9876543234
Dr.,TEST231,T231,TEST231,5244 KINGSCROSS,LEETWOODS,9876543234
Mr.,TEST232,T232,TEST232,5245 KINGSCROSS,LEETWOODS,9876543234
Mr.,TEST233,T233,TEST233,5246 KINGSCROSS,LEETWOODS,9876543234
Dr.,TEST234,T234,TEST234,5247 KINGSCROSS,LEETWOODS,9876543234
Mr.,TEST235,T235,TEST235,5248 KINGSCROSS,LEETWOODS,9876543234
Mr.,TEST236,T236,TEST236,5249 KINGSCROSS,LEETWOODS,9876543234
Dr.,TEST237,T237,TEST237,5250 KINGSCROSS,LEETWOODS,9876543234
Mr.,TEST238,T238,TEST238,5251 KINGSCROSS,LEETWOODS,9876543234
Mr.,TEST239,T239,TEST239,5252 KINGSCROSS,LEETWOODS,9876543234
Dr.,TEST240,T240,TEST240,5253 KINGSCROSS,LEETWOODS,9876543234
Mr.,TEST241,T241,TEST241,5254 KINGSCROSS,LEETWOODS,9876543234
Mr.,TEST242,T242,TEST242,5255 KINGSCROSS,LEETWOODS,9876543234
Dr.,TEST243,T243,TEST243,5256 KINGSCROSS,LEETWOODS,9876543234
Mr.,TEST244,T244,TEST244,5257 KINGSCROSS,LEETWOODS,9876543234
Mr.,TEST245,T245,TEST245,5258 KINGSCROSS,LEETWOODS,9876543234
Dr.,TEST246,T246,TEST246,5259 KINGSCROSS,LEETWOODS,9876543234
Mr.,TEST247,T247,TEST247,5260 KINGSCROSS,LEETWOODS,9876543234
Mr.,TEST248,T248,TEST248,5261 KINGSCROSS,LEETWOODS,9876543234
Dr.,TEST249,T249,TEST249,5262 KINGSCROSS,LEETWOODS,9876543234
Mr.,TEST250,T250,TEST250,5263 KINGSCROSS,LEETWOODS,9876543234
Mr.,TEST251,T251,TEST251,5264 KINGSCROSS,LEETWOODS,9876543234
Dr.,TEST252,T252,TEST252,5265 KINGSCROSS,LEETWOODS,9876543234
Mr.,TEST253,T253,TEST253,5266 KINGSCROSS,LEETWOODS,9876543234
Mr.,TEST254,T254,TEST254,5267 KINGSCROSS,LEETWOODS,9876543234
Dr.,TEST255,T255,TEST255,5268 KINGSCROSS,LEETWOODS,9876543234
Mr.,TEST256,T256,TEST256,5269 KINGSCROSS,LEETWOODS,9876543234
Mr.,TEST257,T257,TEST257,5270 KINGSCROSS,LEETWOODS,9876543234
Dr.,TEST258,T258,TEST258,5271 KINGSCROSS,LEETWOODS,9876543234
Mr.,TEST259,T259,TEST259,5272 KINGSCROSS,LEETWOODS,9876543234
Mr.,TEST260,T260,TEST260,5273 KINGSCROSS,LEETWOODS,9876543234
Dr.,TEST261,T261,TEST261,5274 KINGSCROSS,LEETWOODS,9876543234
Mr.,TEST262,T262,TEST262,5275 KINGSCROSS,LEETWOODS,9876543234
Mr.,TEST263,T263,TEST263,5276 KINGSCROSS,LEETWOODS,9876543234
Dr.,TEST264,T264,TEST264,5277 KINGSCROSS,LEETWOODS,9876543234
Mr.,TEST265,T265,TEST265,5278 KINGSCROSS,LEETWOODS,9876543234
Mr.,TEST266,T266,TEST266,5279 KINGSCROSS,LEETWOODS,9876543234
Dr.,TEST267,T267,TEST267,5280 KINGSCROSS,LEETWOODS,9876543234
Mr.,TEST268,T268,TEST268,5281 KINGSCROSS,LEETWOODS,9876543234
Mr.,TEST269,T269,TEST269,5282 KINGSCROSS,LEETWOODS,9876543234
Dr.,TEST270,T270,TEST270,5283 KINGSCROSS,LEETWOODS,9876543234
Mr.,TEST271,T271,TEST271,5284 KINGSCROSS,LEETWOODS,9876543234
Mr.,TEST272,T272,TEST272,5285 KINGSCROSS,LEETWOODS,9876543234
Dr.,TEST273,T273,TEST273,5286 KINGSCROSS,LEETWOODS,9876543234
Mr.,TEST274,T274,TEST274,5287 KINGSCROSS,LEETWOODS,9876543234
Mr.,TEST275,T275,TEST275,5288 KINGSCROSS,LEETWOODS,9876543234
Dr.,TEST276,T276,TEST276,5289 KINGSCROSS,LEETWOODS,9876543234
Mr.,TEST277,T277,TEST277,5290 KINGSCROSS,LEETWOODS,9876543234
Mr.,TEST278,T278,TEST278,5291 KINGSCROSS,LEETWOODS,9876543234
Dr.,TEST279,T279,TEST279,5292 KINGSCROSS,LEETWOODS,9876543234
Mr.,TEST280,T280,TEST280,5293 KINGSCROSS,LEETWOODS,9876543234
Mr.,TEST281,T281,TEST281,5294 KINGSCROSS,LEETWOODS,9876543234
Dr.,TEST282,T282,TEST282,5295 KINGSCROSS,LEETWOODS,9876543234
Mr.,TEST283,T283,TEST283,5296 KINGSCROSS,LEETWOODS,9876543234
Mr.,TEST284,T284,TEST284,5297 KINGSCROSS,LEETWOODS,9876543234
Dr.,TEST285,T285,TEST285,5298 KINGSCROSS,LEETWOODS,9876543234
Mr.,TEST286,T286,TEST286,5299 KINGSCROSS,LEETWOODS,9876543234
Mr.,TEST287,T287,TEST287,5300 KINGSCROSS,LEETWOODS,9876543234
Dr.,TEST288,T288,TEST288,5301 KINGSCROSS,LEETWOODS,9876543234
Mr.,TEST289,T289,TEST289,5302 KINGSCROSS,LEETWOODS,9876543234
Mr.,TEST290,T290,TEST290,5303 KINGSCROSS,LEETWOODS,9876543234
Dr.,TEST291,T291,TEST291,5304 KINGSCROSS,LEETWOODS,9876543234
Mr.,TEST292,T292,TEST292,5305 KINGSCROSS,LEETWOODS,9876543234
Mr.,TEST293,T293,TEST293,5306 KINGSCROSS,LEETWOODS,9876543234
Dr.,TEST294,T294,TEST294,5307 KINGSCROSS,LEETWOODS,9876543234
Mr.,TEST295,T295,TEST295,5308 KINGSCROSS,LEETWOODS,9876543234
Mr.,TEST296,T296,TEST296,5309 KINGSCROSS,LEETWOODS,9876543234
Dr.,TEST297,T297,TEST297,5310 KINGSCROSS,LEETWOODS,9876543234
Mr.,TEST298,T298,TEST298,5311 KINGSCROSS,LEETWOODS,9876543234
Mr.,TEST299,T299,TEST299,5312 KINGSCROSS,LEETWOODS,9876543234
Dr.,TEST300,T300,TEST300,5313 KINGSCROSS,LEETWOODS,9876543234
Mr.,TEST301,T301,TEST301,5314 KINGSCROSS,LEETWOODS,9876543234
Mr.,TEST302,T302,TEST302,5315 KINGSCROSS,LEETWOODS,9876543234
Dr.,TEST303,T303,TEST303,5316 KINGSCROSS,LEETWOODS,9876543234
Mr.,TEST304,T304,TEST304,5317 KINGSCROSS,LEETWOODS,9876543234
Mr.,TEST305,T305,TEST305,5318 KINGSCROSS,LEETWOODS,9876543234
Dr.,TEST306,T306,TEST306,5319 KINGSCROSS,LEETWOODS,9876543234
Mr.,TEST307,T307,TEST307,5320 KINGSCROSS,LEETWOODS,9876543234
Mr.,TEST308,T308,TEST308,5321 KINGSCROSS,LEETWOODS,9876543234
Dr.,TEST309,T309,TEST309,5322 KINGSCROSS,LEETWOODS,9876543234
Mr.,TEST310,T310,TEST310,5323 KINGSCROSS,LEETWOODS,9876543234
Mr.,TEST311,T311,TEST311,5324 KINGSCROSS,LEETWOODS,9876543234
Dr.,TEST312,T312,TEST312,5325 KINGSCROSS,LEETWOODS,9876543234
Mr.,TEST313,T313,TEST313,5326 KINGSCROSS,LEETWOODS,9876543234
Mr.,TEST314,T314,TEST314,5327 KINGSCROSS,LEETWOODS,9876543234
Dr.,TEST315,T315,TEST315,5328 KINGSCROSS,LEETWOODS,9876543234
Mr.,TEST316,T316,TEST316,5329 KINGSCROSS,LEETWOODS,9876543234
Mr.,TEST317,T317,TEST317,5330 KINGSCROSS,LEETWOODS,9876543234
Dr.,TEST318,T318,TEST318,5331 KINGSCROSS,LEETWOODS,9876543234
Mr.,TEST319,T319,TEST319,5332 KINGSCROSS,LEETWOODS,9876543234
Mr.,TEST320,T320,TEST320,5333 KINGSCROSS,LEETWOODS,9876543234
Dr.,TEST321,T321,TEST321,5334 KINGSCROSS,LEETWOODS,9876543234
Mr.,TEST322,T322,TEST322,5335 KINGSCROSS,LEETWOODS,9876543234
Mr.,TEST323,T323,TEST323,5336 KINGSCROSS,LEETWOODS,9876543234
Dr.,TEST324,T324,TEST324,5337 KINGSCROSS,LEETWOODS,9876543234
Mr.,TEST325,T325,TEST325,5338 KINGSCROSS,LEETWOODS,9876543234
Mr.,TEST326,T326,TEST326,5339 KINGSCROSS,LEETWOODS,9876543234
Dr.,TEST327,T327,TEST327,5340 KINGSCROSS,LEETWOODS,9876543234
Mr.,TEST328,T328,TEST328,5341 KINGSCROSS,LEETWOODS,9876543234
Mr.,TEST329,T329,TEST329,5342 KINGSCROSS,LEETWOODS,9876543234
Dr.,TEST330,T330,TEST330,5343 KINGSCROSS,LEETWOODS,9876543234
Mr.,TEST331,T331,TEST331,5344 KINGSCROSS,LEETWOODS,9876543234
Mr.,TEST332,T332,TEST332,5345 KINGSCROSS,LEETWOODS,9876543234
Dr.,TEST333,T333,TEST333,5346 KINGSCROSS,LEETWOODS,9876543234
Mr.,TEST334,T334,TEST334,5347 KINGSCROSS,LEETWOODS,9876543234
Mr.,TEST335,T335,TEST335,5348 KINGSCROSS,LEETWOODS,9876543234
Dr.,TEST336,T336,TEST336,5349 KINGSCROSS,LEETWOODS,9876543234
Mr.,TEST337,T337,TEST337,5350 KINGSCROSS,LEETWOODS,9876543234
Mr.,TEST338,T338,TEST338,5351 KINGSCROSS,LEETWOODS,9876543234
Dr.,TEST339,T339,TEST339,5352 KINGSCROSS,LEETWOODS,9876543234
Mr.,TEST340,T340,TEST340,5353 KINGSCROSS,LEETWOODS,9876543234
Mr.,TEST341,T341,TEST341,5354 KINGSCROSS,LEETWOODS,9876543234
Dr.,TEST342,T342,TEST342,5355 KINGSCROSS,LEETWOODS,9876543234
Mr.,TEST343,T343,TEST343,5356 KINGSCROSS,LEETWOODS,9876543234
Mr.,TEST344,T344,TEST344,5357 KINGSCROSS,LEETWOODS,9876543234
Dr.,TEST345,T345,TEST345,5358 KINGSCROSS,LEETWOODS,9876543234
Mr.,TEST346,T346,TEST346,5359 KINGSCROSS,LEETWOODS,9876543234
Mr.,TEST347,T347,TEST347,5360 KINGSCROSS,LEETWOODS,9876543234
Dr.,TEST348,T348,TEST348,5361 KINGSCROSS,LEETWOODS,9876543234
Mr.,TEST349,T349,TEST349,5362 KINGSCROSS,LEETWOODS,9876543234
Mr.,TEST350,T350,TEST350,5363 KINGSCROSS,LEETWOODS,9876543234
Dr.,TEST351,T351,TEST351,5364 KINGSCROSS,LEETWOODS,9876543234
Mr.,TEST352,T352,TEST352,5365 KINGSCROSS,LEETWOODS,9876543234
Mr.,TEST353,T353,TEST353,5366 KINGSCROSS,LEETWOODS,9876543234
Dr.,TEST354,T354,TEST354,5367 KINGSCROSS,LEETWOODS,9876543234
Mr.,TEST355,T355,TEST355,5368 KINGSCROSS,LEETWOODS,9876543234
Mr.,TEST356,T356,TEST356,5369 KINGSCROSS,LEETWOODS,9876543234
Dr.,TEST357,T357,TEST357,5370 KINGSCROSS,LEETWOODS,9876543234
Mr.,TEST358,T358,TEST358,5371 KINGSCROSS,LEETWOODS,9876543234
Mr.,TEST359,T359,TEST359,5372 KINGSCROSS,LEETWOODS,9876543234
Dr.,TEST360,T360,TEST360,5373 KINGSCROSS,LEETWOODS,9876543234
Mr.,TEST361,T361,TEST361,5374 KINGSCROSS,LEETWOODS,9876543234
Mr.,TEST362,T362,TEST362,5375 KINGSCROSS,LEETWOODS,9876543234
Dr.,TEST363,T363,TEST363,5376 KINGSCROSS,LEETWOODS,9876543234
Mr.,TEST364,T364,TEST364,5377 KINGSCROSS,LEETWOODS,9876543234
Mr.,TEST365,T365,TEST365,5378 KINGSCROSS,LEETWOODS,9876543234
Dr.,TEST366,T366,TEST366,5379 KINGSCROSS,LEETWOODS,9876543234
Mr.,TEST367,T367,TEST367,5380 KINGSCROSS,LEETWOODS,9876543234
Mr.,TEST368,T368,TEST368,5381 KINGSCROSS,LEETWOODS,9876543234
Dr.,TEST369,T369,TEST369,5382 KINGSCROSS,LEETWOODS,9876543234
Mr.,TEST370,T370,TEST370,5383 KINGSCROSS,LEETWOODS,9876543234
Mr.,TEST371,T371,TEST371,5384 KINGSCROSS,LEETWOODS,9876543234
Dr.,TEST372,T372,TEST372,5385 KINGSCROSS,LEETWOODS,9876543234
Mr.,TEST373,T373,TEST373,5386 KINGSCROSS,LEETWOODS,9876543234
Mr.,TEST374,T374,TEST374,5387 KINGSCROSS,LEETWOODS,9876543234
Dr.,TEST375,T375,TEST375,5388 KINGSCROSS,LEETWOODS,9876543234
Mr.,TEST376,T376,TEST376,5389 KINGSCROSS,LEETWOODS,9876543234
Mr.,TEST377,T377,TEST377,5390 KINGSCROSS,LEETWOODS,9876543234
Dr.,TEST378,T378,TEST378,5391 KINGSCROSS,LEETWOODS,9876543234
Mr.,TEST379,T379,TEST379,5392 KINGSCROSS,LEETWOODS,9876543234
Mr.,TEST380,T380,TEST380,5393 KINGSCROSS,LEETWOODS,9876543234
Dr.,TEST381,T381,TEST381,5394 KINGSCROSS,LEETWOODS,9876543234
Mr.,TEST382,T382,TEST382,5395 KINGSCROSS,LEETWOODS,9876543234
Mr.,TEST383,T383,TEST383,5396 KINGSCROSS,LEETWOODS,9876543234
Dr.,TEST384,T384,TEST384,5397 KINGSCROSS,LEETWOODS,9876543234
Mr.,TEST385,T385,TEST385,5398 KINGSCROSS,LEETWOODS,9876543234
Mr.,TEST386,T386,TEST386,5399 KINGSCROSS,LEETWOODS,9876543234
Dr.,TEST387,T387,TEST387,5400 KINGSCROSS,LEETWOODS,9876543234
Mr.,TEST388,T388,TEST388,5401 KINGSCROSS,LEETWOODS,9876543234
Mr.,TEST389,T389,TEST389,5402 KINGSCROSS,LEETWOODS,9876543234
Dr.,TEST390,T390,TEST390,5403 KINGSCROSS,LEETWOODS,9876543234
Mr.,TEST391,T391,TEST391,5404 KINGSCROSS,LEETWOODS,9876543234
Mr.,TEST392,T392,TEST392,5405 KINGSCROSS,LEETWOODS,9876543234
Dr.,TEST393,T393,TEST393,5406 KINGSCROSS,LEETWOODS,9876543234
Mr.,TEST394,T394,TEST394,5407 KINGSCROSS,LEETWOODS,9876543234
Mr.,TEST395,T395,TEST395,5408 KINGSCROSS,LEETWOODS,9876543234
Dr.,TEST396,T396,TEST396,5409 KINGSCROSS,LEETWOODS,9876543234
Mr.,TEST397,T397,TEST397,5410 KINGSCROSS,LEETWOODS,9876543234
Mr.,TEST398,T398,TEST398,5411 KINGSCROSS,LEETWOODS,9876543234
Dr.,TEST399,T399,TEST399,5412 KINGSCROSS,LEETWOODS,9876543234
Mr.,TEST400,T400,TEST400,5413 KINGSCROSS,LEETWOODS,9876543234
